<?xml version="1.0" encoding="utf-8"?>
<addon addon_id="BookmarkPosts" title="Bookmark Posts" version_string="1.2.1" version_id="2" url="http://xenforo.com/community/threads/pfps-com-br-bookmark-posts.21166/" install_callback_class="BookmarkPosts_Installer" install_callback_method="install" uninstall_callback_class="BookmarkPosts_Installer" uninstall_callback_method="uninstall">
  <admin_navigation/>
  <admin_permissions/>
  <admin_style_properties/>
  <admin_templates/>
  <code_events/>
  <code_event_listeners>
    <listener event_id="front_controller_pre_view" execute_order="10" callback_class="BookmarkPosts_Listener" callback_method="init" active="1" description=""/>
    <listener event_id="load_class_controller" execute_order="10" callback_class="BookmarkPosts_Listener" callback_method="extend" active="1" description=""/>
    <listener event_id="load_class_datawriter" execute_order="10" callback_class="BookmarkPosts_Listener" callback_method="extend" active="1" description=""/>
    <listener event_id="load_class_model" execute_order="10" callback_class="BookmarkPosts_Listener" callback_method="extend" active="1" description=""/>
    <listener event_id="template_hook" execute_order="10" callback_class="BookmarkPosts_Listener" callback_method="template_hook" active="1" description=""/>
  </code_event_listeners>
  <cron/>
  <email_templates/>
  <optiongroups>
    <group group_id="bookmark_posts_options" display_order="10000" debug_only="0"/>
    <option option_id="bookmark_posts_option_defaultState" edit_format="radio" data_type="string" can_backup="1">
      <default_value>private</default_value>
      <edit_format_params>public=Publique
private=Privé</edit_format_params>
      <sub_options></sub_options>
      <relation group_id="bookmark_posts_options" display_order="4"/>
    </option>
    <option option_id="bookmark_posts_option_defaultTag" edit_format="textbox" data_type="string" can_backup="1">
      <default_value>Tous</default_value>
      <edit_format_params></edit_format_params>
      <sub_options></sub_options>
      <relation group_id="bookmark_posts_options" display_order="5"/>
    </option>
    <option option_id="bookmark_posts_option_enableSearch" edit_format="onoff" data_type="boolean" can_backup="1">
      <default_value>1</default_value>
      <edit_format_params>1=On
0=Off</edit_format_params>
      <sub_options></sub_options>
      <relation group_id="bookmark_posts_options" display_order="6"/>
    </option>
    <option option_id="bookmark_posts_option_latest_number" edit_format="textbox" data_type="integer" can_backup="1">
      <default_value>5</default_value>
      <edit_format_params></edit_format_params>
      <sub_options></sub_options>
      <relation group_id="bookmark_posts_options" display_order="9"/>
    </option>
    <option option_id="bookmark_posts_option_latest_number_home" edit_format="textbox" data_type="integer" can_backup="1">
      <default_value>5</default_value>
      <edit_format_params></edit_format_params>
      <sub_options></sub_options>
      <relation group_id="bookmark_posts_options" display_order="3"/>
    </option>
    <option option_id="bookmark_posts_option_links" edit_format="radio" data_type="string" can_backup="1">
      <default_value>text</default_value>
      <edit_format_params>icon=Icone
iconText=Icones et texte
text=Texte</edit_format_params>
      <sub_options></sub_options>
      <relation group_id="bookmark_posts_options" display_order="1"/>
    </option>
    <option option_id="bookmark_posts_option_most_posts" edit_format="textbox" data_type="integer" can_backup="1">
      <default_value>5</default_value>
      <edit_format_params></edit_format_params>
      <sub_options></sub_options>
      <relation group_id="bookmark_posts_options" display_order="3"/>
    </option>
    <option option_id="bookmark_posts_option_perPage" edit_format="textbox" data_type="string" can_backup="1">
      <default_value>15</default_value>
      <edit_format_params></edit_format_params>
      <sub_options></sub_options>
      <relation group_id="bookmark_posts_options" display_order="2"/>
    </option>
    <option option_id="bookmark_posts_option_perPage_profile" edit_format="textbox" data_type="string" can_backup="1">
      <default_value>15</default_value>
      <edit_format_params></edit_format_params>
      <sub_options></sub_options>
      <relation group_id="bookmark_posts_options" display_order="3"/>
    </option>
    <option option_id="bookmark_posts_option_showInFeed" edit_format="onoff" data_type="string" can_backup="1">
      <default_value>1</default_value>
      <edit_format_params>1=On
0=Off</edit_format_params>
      <sub_options></sub_options>
      <relation group_id="bookmark_posts_options" display_order="9"/>
    </option>
    <option option_id="bookmark_posts_option_showMessagePost" edit_format="onoff" data_type="boolean" can_backup="1">
      <default_value></default_value>
      <edit_format_params>1=Yes
0=No</edit_format_params>
      <sub_options></sub_options>
      <relation group_id="bookmark_posts_options" display_order="6"/>
    </option>
    <option option_id="bookmark_posts_option_showQuote" edit_format="radio" data_type="string" can_backup="1">
      <default_value>1</default_value>
      <edit_format_params>1=Citer
0=Defaut</edit_format_params>
      <sub_options></sub_options>
      <relation group_id="bookmark_posts_options" display_order="7"/>
    </option>
  </optiongroups>
  <permissions>
    <permission_groups/>
    <permissions>
      <permission permission_group_id="general" permission_id="bookmarkPosts" permission_type="flag" default_value="unset" interface_group_id="generalPermissions" display_order="11002"/>
      <permission permission_group_id="general" permission_id="viewBookmarkedPosts" permission_type="flag" default_value="unset" interface_group_id="generalPermissions" display_order="11003"/>
    </permissions>
    <interface_groups/>
  </permissions>
  <phrases>
    <phrase title="bookmarks_posts" version_id="1" version_string="1.0.0"><![CDATA[Favoris ]]></phrase>
    <phrase title="bookmarks_posts_share_text" version_id="1" version_string="1.0.0"><![CDATA[Rendre publique]]></phrase>
    <phrase title="bookmarks_posts_unshare_text" version_id="1" version_string="1.0.0"><![CDATA[Rendre privé]]></phrase>
    <phrase title="bookmarks_posts_updated" global_cache="1" version_id="1" version_string="1.0.0"><![CDATA[Favoris mis à jour!]]></phrase>
    <phrase title="bookmark_posts_action_bookmark_text" version_id="1" version_string="1.0.0"><![CDATA[Favoris]]></phrase>
    <phrase title="bookmark_posts_action_unbookmark_text" version_id="1" version_string="1.0.0"><![CDATA[Enlever des favoris]]></phrase>
    <phrase title="bookmark_posts_all_bookmarks" version_id="1" version_string="1.0.0"><![CDATA[Tous les favoris]]></phrase>
    <phrase title="bookmark_posts_bookmarked_by" version_id="1" version_string="1.1.0"><![CDATA[Favoris par]]></phrase>
    <phrase title="bookmark_posts_bookmarked_in" version_id="1" version_string="1.1.0"><![CDATA[Favoris dans ]]></phrase>
    <phrase title="bookmark_posts_bookmark_not_public" global_cache="1" version_id="1" version_string="1.1.0"><![CDATA[Ce favoris n'est pas été marqué comme publique. Si vous voulez voir cet article, s'il vous plaît assurez-vous que le propriétaire réel de ce favoris est publique.]]></phrase>
    <phrase title="bookmark_posts_bookmark_title" version_id="1" version_string="1.1.0"><![CDATA[Ajouté aux favoris!]]></phrase>
    <phrase title="bookmark_posts_content_forum" version_id="1" version_string="1.1.0"><![CDATA[Forum:]]></phrase>
    <phrase title="bookmark_posts_content_note" version_id="1" version_string="1.1.0"><![CDATA[Note:]]></phrase>
    <phrase title="bookmark_posts_content_posted_by" version_id="1" version_string="1.1.0"><![CDATA[Posté par:]]></phrase>
    <phrase title="bookmark_posts_content_said" version_id="1" version_string="1.1.0"><![CDATA[Dit:]]></phrase>
    <phrase title="bookmark_posts_content_tag" version_id="1" version_string="1.1.0"><![CDATA[Tag:]]></phrase>
    <phrase title="bookmark_posts_content_thread" version_id="1" version_string="1.1.0"><![CDATA[Discussion:]]></phrase>
    <phrase title="bookmark_posts_description" version_id="2" version_string="1.2.0"><![CDATA[Voici tous les favoris publics partagés dans ce forum.]]></phrase>
    <phrase title="bookmark_posts_does_not_exists" version_id="1" version_string="1.1.0"><![CDATA[Ce favoris n'existe pas.]]></phrase>
    <phrase title="bookmark_posts_edit_text" version_id="1" version_string="1.0.0"><![CDATA[Editer]]></phrase>
    <phrase title="bookmark_posts_edit_title" version_id="1" version_string="1.1.0"><![CDATA[Editer ce favoris!]]></phrase>
    <phrase title="bookmark_posts_how_many_public" version_id="1" version_string="1.1.0"><![CDATA[Favoris publique]]></phrase>
    <phrase title="bookmark_posts_how_much" version_id="1" version_string="1.1.0"><![CDATA[Temps publique]]></phrase>
    <phrase title="bookmark_posts_latest_public" version_id="1" version_string="1.1.0"><![CDATA[Derniers favoris:]]></phrase>
    <phrase title="bookmark_posts_most_bookmarked" version_id="1" version_string="1.1.0"><![CDATA[Postes le plus en favoris]]></phrase>
    <phrase title="bookmark_posts_news_feed_bookmark" version_id="1" version_string="1.1.0"><![CDATA[{name} favoris <a {posterParams}>{poster}'s posté</a> dans le sujet {title}.]]></phrase>
    <phrase title="bookmark_posts_news_feed_bookmark_your" version_id="1" version_string="1.1.0"><![CDATA[{name} Votre favoris dans le sujet {title}.]]></phrase>
    <phrase title="bookmark_posts_note" version_id="1" version_string="1.0.0"><![CDATA[Note]]></phrase>
    <phrase title="bookmark_posts_note_wrote_by" version_id="1" version_string="1.1.0"><![CDATA[Note écrite par]]></phrase>
    <phrase title="bookmark_posts_no_bookmark_in_tag" version_id="1" version_string="1.1.0"><![CDATA[Il y a un favoris avec ce tag.]]></phrase>
    <phrase title="bookmark_posts_remove_filter" version_id="1" version_string="1.1.0"><![CDATA[Filtre de tag supprimé!]]></phrase>
    <phrase title="bookmark_posts_save" version_id="1" version_string="1.0.0"><![CDATA[Enregistré!]]></phrase>
    <phrase title="bookmark_posts_search_result" version_id="1" version_string="1.0.0"><![CDATA[Résultat]]></phrase>
    <phrase title="bookmark_posts_select_a_tag" version_id="1" version_string="1.0.0"><![CDATA[Sélectionner un tag]]></phrase>
    <phrase title="bookmark_posts_show_older" version_id="1" version_string="1.1.0"><![CDATA[Afficher les éléments]]></phrase>
    <phrase title="bookmark_posts_state" version_id="1" version_string="1.0.0"><![CDATA[Statistiques]]></phrase>
    <phrase title="bookmark_posts_state_explanation" version_id="1" version_string="1.0.0"><![CDATA[Sélectionner 'Publique' pour ajouter ce favoris à votre page de profil.
Sélectionnez 'Privé' pour qu'il soit rendu privé sur votre profil.]]></phrase>
    <phrase title="bookmark_posts_state_title" version_id="1" version_string="1.1.0"><![CDATA[Faire un Pubique/Privé!]]></phrase>
    <phrase title="bookmark_posts_tag" version_id="1" version_string="1.0.0"><![CDATA[Tag]]></phrase>
    <phrase title="bookmark_posts_tags" version_id="1" version_string="1.1.0"><![CDATA[Tags]]></phrase>
    <phrase title="bookmark_posts_tag_title" version_id="1" version_string="1.1.0"><![CDATA[Voir tous les favoris marqué avec]]></phrase>
    <phrase title="bookmark_posts_unbookmark_title" version_id="1" version_string="1.1.0"><![CDATA[Défavorisé !]]></phrase>
    <phrase title="bookmark_posts_view_this_post" version_id="1" version_string="1.1.0"><![CDATA[Voir le message]]></phrase>
    <phrase title="bookmark_posts_view_this_thread" version_id="1" version_string="1.1.0"><![CDATA[Voir la discussion]]></phrase>
    <phrase title="bookmark_post_bookmarked_in" version_id="1" version_string="1.1.0"><![CDATA[dans ]]></phrase>
    <phrase title="bookmark_post_content_forum" version_id="1" version_string="1.1.0"><![CDATA[Forum:]]></phrase>
    <phrase title="bookmark_post_content_note" version_id="1" version_string="1.1.0"><![CDATA[Note:]]></phrase>
    <phrase title="bookmark_post_content_posted_by" version_id="1" version_string="1.1.0"><![CDATA[Posté par:]]></phrase>
    <phrase title="bookmark_post_content_tag" version_id="1" version_string="1.1.0"><![CDATA[Tag: ]]></phrase>
    <phrase title="bookmark_statistic_this" version_id="1" version_string="1.1.0"><![CDATA[Statistiques du favoris]]></phrase>
    <phrase title="option_bookmark_posts_option_defaultState" version_id="1" version_string="1.0.0"><![CDATA[Statistiques par défaut pour le favoris sur messages:]]></phrase>
    <phrase title="option_bookmark_posts_option_defaultState_explain" version_id="1" version_string="1.0.0"><![CDATA[Ici vous pouvez choisir l'état par défaut des messages d'un favoris. Si vous voulez que tous les messages soient publiques quand l'utilisateur fait des études du favoris, choisissez 'publique'. Alors tous les messages favoris seront publique et apparaîtront dans la page profil de l'utilisateur. Pour juste afficher à l'uttilisateur les favoris, choissisez 'privé']]></phrase>
    <phrase title="option_bookmark_posts_option_defaultTag" version_id="1" version_string="1.0.0"><![CDATA[Tag par défaut pour le message favoris:]]></phrase>
    <phrase title="option_bookmark_posts_option_defaultTag_explain" version_id="1" version_string="1.0.0"><![CDATA[Ici vous pouvez choisir la balise par défaut pour tous les messages du favoris. Si vous choisissez, par exemple, 'Tout', quand un uttilisateur ajoutera un favoris, tous ses favoris auront 'Tous' comme balise jusqu'à ce qu'il édite ses favoris depuis son compte.]]></phrase>
    <phrase title="option_bookmark_posts_option_enableSearch" version_id="1" version_string="1.0.0"><![CDATA[Activer la recherche des favoris?]]></phrase>
    <phrase title="option_bookmark_posts_option_enableSearch_explain" version_id="1" version_string="1.1.0"><![CDATA[Cochez cette option pour activer la recherche des favoris dans comptes/favoris.]]></phrase>
    <phrase title="option_bookmark_posts_option_latest_number" version_id="1" version_string="1.1.0"><![CDATA[Nombre de Favoris à afficher par pages:]]></phrase>
    <phrase title="option_bookmark_posts_option_latest_number_explain" version_id="1" version_string="1.1.0"><![CDATA[Lorsque vous affichez un favoris, il ya une barre latérale. Dans ce que nous avons encadré «Dernières Favoris". Choisissez ici le nombre de favoris à montrer.]]></phrase>
    <phrase title="option_bookmark_posts_option_latest_number_home" version_id="1" version_string="1.1.0"><![CDATA[Nombre de Favoris à afficher en page d'accueil des Favoris.:]]></phrase>
    <phrase title="option_bookmark_posts_option_latest_number_home_explain" version_id="1" version_string="1.1.0"><![CDATA[Choisir le nombre de Favoris à afficher en page d'accueil des Favoris.]]></phrase>
    <phrase title="option_bookmark_posts_option_links" version_id="1" version_string="1.1.0"><![CDATA[Comment les liens doivent t'il être affiché]]></phrase>
    <phrase title="option_bookmark_posts_option_links_explain" version_id="1" version_string="1.1.0"><![CDATA[Choisir comment les liens seront affiché.
Icone -> Icones seulement.
Icones et Texte -> Icone suivent le texte.
Texte-> Juste du texte.]]></phrase>
    <phrase title="option_bookmark_posts_option_most_posts" version_id="1" version_string="1.1.0"><![CDATA[Nombre de 'messages favoris' à afficher sur la page d'accueil:]]></phrase>
    <phrase title="option_bookmark_posts_option_most_posts_explain" version_id="1" version_string="1.1.0"><![CDATA[Choisir le nombre de 'messages favoris' à afficher sur la page d'accueil.]]></phrase>
    <phrase title="option_bookmark_posts_option_perPage" version_id="1" version_string="1.1.0"><![CDATA[Favoris à afficher par page (dans compte/favoris):]]></phrase>
    <phrase title="option_bookmark_posts_option_perPage_explain" version_id="1" version_string="1.0.0"><![CDATA[Nombre de favoris à afficher par page? (dans compte/favoris)]]></phrase>
    <phrase title="option_bookmark_posts_option_perPage_profile" version_id="1" version_string="1.1.0"><![CDATA[Favoris publique à afficher par page (dans profil uttilisateur):]]></phrase>
    <phrase title="option_bookmark_posts_option_perPage_profile_explain" version_id="1" version_string="1.0.0"><![CDATA[Nombre de favoris publique à afficher par profils uttilisateurs.]]></phrase>
    <phrase title="option_bookmark_posts_option_showInFeed" version_id="1" version_string="1.1.0"><![CDATA[Ajouter les favoris dans le flux d'activité?]]></phrase>
    <phrase title="option_bookmark_posts_option_showInFeed_explain" version_id="1" version_string="1.1.0"><![CDATA[Choisir 'Oui' pour afficher tous les favoris dans le flux de nouvelles de l'uttilisateur. (Seulement pour les messages favoris de l'uttilisateur)]]></phrase>
    <phrase title="option_bookmark_posts_option_showMessagePost" version_id="1" version_string="1.1.0"><![CDATA[Afficher le messages dans les favoris?]]></phrase>
    <phrase title="option_bookmark_posts_option_showMessagePost_explain" version_id="1" version_string="1.1.0"><![CDATA[Dans compte/favoris vous pouvez choisir 'oui' pour afficher tous les favoris suivient d'un extrait. Choisisez 'non' pour afficher seulement le titre dans le sujet.]]></phrase>
    <phrase title="option_bookmark_posts_option_showQuote" version_id="1" version_string="1.0.0"><![CDATA[Style de message favoris:]]></phrase>
    <phrase title="option_bookmark_posts_option_showQuote_explain" version_id="1" version_string="1.0.0"><![CDATA[Selectinnez 'citer' si vous voulez afficher le message de tous les favoris avec le style d'un message cité.
Sélectionnez defaut pour afficher un texte simple, sans aucun style.]]></phrase>
    <phrase title="option_group_bookmark_posts_options" version_id="1" version_string="1.0.0"><![CDATA[Messages favoris]]></phrase>
    <phrase title="option_group_bookmark_posts_options_description" version_id="1" version_string="1.0.0"><![CDATA[Configurer les options des messages favoris.]]></phrase>
    <phrase title="permission_general_bookmarkPosts" version_id="1" version_string="1.1.0"><![CDATA[Messages favoris]]></phrase>
    <phrase title="permission_general_viewBookmarkedPosts" version_id="1" version_string="1.1.0"><![CDATA[Voir les messages favoris publiques]]></phrase>
    <phrase title="x_does_not_have_any_bookmarks" version_id="1" version_string="1.0.0"><![CDATA[{username} n'a pas de favoris.]]></phrase>
    <phrase title="your_bookmarks" version_id="1" version_string="1.0.0"><![CDATA[Vos Favoris]]></phrase>
    <phrase title="you_do_not_have_any_recent_bookmarks" global_cache="1" version_id="1" version_string="1.0.0"><![CDATA[Vous n'avez pas de favoris récents]]></phrase>
  </phrases>
  <route_prefixes>
    <route_type type="public">
      <prefix original_prefix="bookmarks" class="BookmarkPosts_Route_Prefix_Bookmarks" build_link="data_only"/>
    </route_type>
  </route_prefixes>
  <style_properties/>
  <templates>
    <template title="account_bookmarks" version_id="1" version_string="1.1.0"><![CDATA[<xen:require js="js/BookmarkPosts/frontend.js" />
<xen:require js="js/BookmarkPosts/quickSearch.js" />

<xen:require css="bookmark_post.css" />
<xen:if is="{$xenOptions.bookmark_posts_option_links} == 'iconText'">
   <xen:require css="bookmark_posts_iconsAndtext.css" />
<xen:elseif is="{$xenOptions.bookmark_posts_option_links} == 'icon'" />
   <xen:require css="bookmark_posts_icons.css" />
</xen:if>
<xen:title>{xen:phrase bookmark_posts_all_bookmarks}</xen:title>
<div>
	<xen:if is="{$bookmarks}">
		<ol>		
			<xen:if is="{$xenOptions.bookmark_posts_option_enableSearch}">
				<xen:include template="account_bookmarks_search" />		
			</xen:if>
			<div id="search"></div>
			<div id="all">				
			   <xen:include template="bookmark_posts_each" />		
			   <xen:pagenav link="account/bookmarks" page="{$page}" perpage="{$bookmarksPerPage}" total="{$totalBookmarks}" />					
			</div>
		</ol>		
		
	<xen:else />	
		<p>{xen:phrase you_do_not_have_any_recent_bookmarks}</p>		
	</xen:if>	
</div>
]]></template>
    <template title="account_bookmarks_link" version_id="1" version_string="1.0.0"><![CDATA[<xen:if is="{$canBookmarkPost}">
<li>
 <a class="{xen:if "{$selectedKey} == 'alerts/bookmarks'", 'secondaryContent', 'primaryContent'}" href="{xen:link account/bookmarks}">{xen:phrase your_bookmarks}</a>
</li>
</xen:if>]]></template>
    <template title="account_bookmarks_search" version_id="2" version_string="1.2.0"><![CDATA[<xen:require js="js/BookmarkPosts/bookmark_tags.js" />
		<xen:require css="title_prefix_edit.css" />	
		<dl class="ctrlUnit" id="TagContainer">
			<dt><label for="ctrl_prefix_id_{$idSuffix}">{xen:phrase prefix}:</label></dt>
			<dd>
				<select name="tags" id="ctrl_prefix_id_{$idSuffix}" class="textCtrl BookmarkTags"
					data-container="#TagContainer"
					data-textbox="#ctrl_search">
					<option value="0" data-css="prefix noPrefix">({xen:phrase bookmark_posts_select_a_tag})</option>
					<xen:foreach loop="$bookmarksTags" value="$tag">						
						<option value="{$tag.bookmark_tag}" data-css="prefix prefixSecondary">{$tag.bookmark_tag}</option>					
					</xen:foreach>
				</select>
			</dd>			
		</dl>
		<form name="searchForm" id="searchForm" action="{xen:link 'bookmarks/posts/search'}" data-target="#search" method="post">
			<input type="text" name="search"  autocomplete="off" class="textCtrl searchCtrl" id="ctrl_search" maxlength="100" placeholder="Search..." style="width: 322px; ">
                        <input type="hidden" name="tag" id="tag" value="">
		</form>
		<div id="search"></div>]]></template>
    <template title="bookmarks_posts_edit_bookmark" version_id="1" version_string="1.1.0"><![CDATA[<xen:require js="js/BookmarkPosts/frontend.js" />
<xen:title>{$thread.title}</xen:title>
<xen:h1>{xen:phrase bookmarks_posts} - {$thread.title}</xen:h1>


<form action="bookmarks/{$bookmark.bookmark_id}/save" method="post" class="EditBookmark xenForm formOverlay AutoValidator" name="editorBookmark">

	<dl class="ctrlUnit">
		<dt><label for="ctrl_note">{xen:phrase bookmark_posts_note}:</label></dt>
		<dd><textarea name="bookmark_note" id="ctrl_note" rows="2" class="textCtrl Elastic">{$bookmark.bookmark_note}</textarea></dd>
	</dl>
        
        <dl class="ctrlUnit">
		<dt><label for="ctrl_tag">{xen:phrase bookmark_posts_tag}:</label></dt>
		<dd><textarea name="bookmark_tag" id="ctrl_tag" rows="1" class="textCtrl Elastic">{$bookmark.bookmark_tag}</textarea></dd>
	</dl>

	<dl class="ctrlUnit">
		<dt><label for="bookmark_state">{xen:phrase bookmark_posts_state}</label></dt>
		<dd><label>Public <input type="radio" name="bookmark_state" value="public" <xen:if is="{$bookmark.bookmark_state} == 'public'">{xen:checked 1}</xen:if> tabindex="2" /></label>&nbsp;&nbsp;
			<label>Private<input type="radio" name="bookmark_state" value="private" <xen:if is="{$bookmark.bookmark_state} == 'private'">{xen:checked 1}</xen:if> tabindex="2" /></label><br /><br />
			<div>{xen:phrase bookmark_posts_state_explanation}</div></dd>
	</dl>
	
	<dl class="ctrlUnit submitUnit">
		<dt></dt>
		<dd><input type="submit" value="{xen:phrase bookmark_posts_save}" accesskey="s" class="button primary"/></dd>
	</dl>

        <input type="hidden" name="bookmark_id" value="{$bookmark.bookmark_id}" />	
	<input type="hidden" name="_xfToken" value="{$visitor.csrf_token_page}" />	
</form>]]></template>
    <template title="bookmarks_posts_link_bookmark_text" version_id="1" version_string="1.1.0"><![CDATA[<xen:require js="js/BookmarkPosts/frontend.js" />
<xen:if is="{$xenOptions.bookmark_posts_option_links} == 'iconText'">
   <xen:require css="bookmark_posts_iconsAndtext.css" />
<xen:elseif is="{$xenOptions.bookmark_posts_option_links} == 'icon'" />
   <xen:require css="bookmark_posts_icons.css" />
</xen:if>

<a href="{xen:link posts/bookmark, $post}" id="bookmark-{$post.post_id}" class="BookmarkLink item control bookmark" ><span></span><span class="BookmarkLabel">{xen:phrase bookmark_posts_action_bookmark_text}</span></a>]]></template>
    <template title="bookmarks_posts_link_unbookmark_text" version_id="1" version_string="1.1.0"><![CDATA[<xen:require js="js/BookmarkPosts/frontend.js" />
<xen:if is="{$xenOptions.bookmark_posts_option_links} == 'iconText'">
   <xen:require css="bookmark_posts_iconsAndtext.css" />
<xen:elseif is="{$xenOptions.bookmark_posts_option_links} == 'icon'" />
   <xen:require css="bookmark_posts_icons.css" />
</xen:if>


<a href="{xen:link posts/unbookmark, $post}" id="bookmark-{$post.post_id}" class="BookmarkLink item control unbookmark" ><span></span><span class="BookmarkLabel">{xen:phrase bookmark_posts_action_unbookmark_text}</span></a>
]]></template>
    <template title="bookmarks_posts_navigation_visitor_tab" version_id="1" version_string="1.0.0"><![CDATA[<xen:if is="{$canBookmarkPost}"><li><a href="{xen:link account/bookmarks}">{xen:phrase your_bookmarks}</a></li></xen:if>]]></template>
    <template title="bookmarks_posts_profile_tab" version_id="1" version_string="1.0.0"><![CDATA[<xen:if is="{$canBookmarkPost}">
<li>
  <a href="{$requestPaths.requestUri}#bookmarks">{xen:phrase bookmarks_posts}</a>
</li>
</xen:if>]]></template>
    <template title="bookmarks_posts_profile_tab_content" version_id="1" version_string="1.0.0"><![CDATA[<xen:if is="{$canBookmarkPost}">
<li id="bookmarks" class="profileContent" data-loadUrl="{xen:link members/bookmarks, $user}">
{xen:phrase loading}...
<noscript><a href="{xen:link members/bookmarks, $user}">{xen:phrase view}</a></noscript>
</li>
</xen:if>]]></template>
    <template title="bookmark_post.css" version_id="1" version_string="1.1.0"><![CDATA[/###TAGS###*/
.discussionListFilters {
font-size:11px;
overflow:hidden;
zoom:1
}

.secondaryContent {
background:#F0F7FC url(styles/default/xenforo/gradients/category-23px-light.png) repeat-x top;
border-bottom:1px solid #D7EDFC;
padding:10px;
padding-bottom:27px
}

.discussionListFilters .filtersHeading {
float:left;
margin-right:5px;
color:#6CB2E4;
font-weight:700
}

.discussionListFilters .pairsInline dt {
display:none
}

.pairsInline dl,.pairsInline dt,.pairsInline dd {
display:inline
}

.discussionListFilters .removeFilter,.discussionListFilters .removeAllFilters {
color:#176093;
background:#D7EDFC url(styles/default/xenforo/gradients/form-button-white-25px.png) repeat-x top;
border:1px solid #D7EDFC;
border-radius:5px;
-webkit-border-radius:5px;
-moz-border-radius:5px;
-khtml-border-radius:5px;
font-size:15px;
padding:2px 10px
}

.searchResultSummary {
overflow:hidden;
zoom:1
}

.olderMessages {
font-size:11px;
text-align:center;
padding:5px 10px
}

.searchResult {
border-bottom:1px solid #d7edfc;
overflow:hidden;
zoom:1;
padding:0 0 10px
}

.searchResult .avatar {
float:left;
margin:5px 0
}

.searchResult .main {
margin-left:56px;
padding:5px
}

.searchResult .titleText {
overflow:hidden;
zoom:1;
margin-bottom:2px
}

.searchResult .title {
font-size:11pt
}

.searchResult .contentType {
float:right;
color:#c8c8c8;
font-weight:700;
font-size:11px
}

.searchResult .meta {
margin-bottom:0;
margin-top:12px;
font-size:12px;
color:#969696;
overflow:hidden;
zoom:1
}

.searchResult .meta a {
color:#646464
}

.searchResult .snippet {
margin-bottom:2px
}

.searchResult .snippet a {
color:#141414;
text-decoration:none;
font-size:11px
}

.searchWarnings {
color:#646464;
font-size:11px
}

.sidebar .avatarList.userResults .avatar img {
width:auto;
height:auto
}

.bbCodeBlock {
border:1px solid #d7edfc;
border-radius:5px;
-webkit-border-radius:5px;
-moz-border-radius:5px;
-khtml-border-radius:5px;
margin:1em 140px 1em 0
}

.bbCodeQuote {
border-color:#f9d9b0
}

.bbCodeQuote .attribution {
color:#141414;
background:#F9D9B0 url(styles/default/xenforo/gradients/form-button-white-25px.png) repeat-x top;
border-bottom:1px solid #F9BC6D
}

.bbCodeBlock .type {
font-size:11px;
font-family:'Trebuchet MS', Helvetica, Arial, sans-serif;
border-top-left-radius:4px;
-webkit-border-top-left-radius:4px;
-moz-border-radius-topleft:4px;
-khtml-border-top-left-radius:4px;
border-top-right-radius:4px;
-webkit-border-top-right-radius:4px;
-moz-border-radius-topright:4px;
-khtml-border-top-right-radius:4px;
padding:3px 8px
}

.bbCodeQuote blockquote {
font-style:italic;
font-size:9pt;
background:#FFF4E5 url(styles/default/xenforo/gradients/category-23px-light.png) repeat-x top;
border-radius:4px;
-webkit-border-radius:4px;
-moz-border-radius:4px;
-khtml-border-radius:4px;
padding:10px
}

.discussionListFilters .filterPairs,.searchResultSummary .resultCount {
float:left
}

.searchResultSummary .nextLink,.discussionListFilters .removeAll {
float:right
}
.mostLikedPosts
{
	float:left;
	width: 50%;
}
	.mostLikedPosts .avatar
	{
		float: left;
		margin-right: 10px;
	}
	
		.mostLikedPosts .avatar img
		{
			width: 64px;
			height: 64px;
		}

	.mostLikedPosts .likedPost
	{
		position: relative;
	}
	
	.mostLikedPosts .primaryContent
	{
		padding: 0;
		padding-top: 10px;
	}
	
	.mostLikedPosts h3
	{
		font-size: 12pt;
		margin-bottom: 5px;
	}
	
	.mostLikedPosts .likes
	{
		display: block;
		position: absolute;
		right: 0px;
		top: 10px;
		width: 24px;
		height: 24px;
		line-height: 24px;
		text-align: center;
		border-radius: 13px;
		font-weight: bold;
		background: {xen:property primaryLighterStill};
		border: 1px solid {xen:property primaryLighter};
	}
	
		.mostLikedPosts .likes:hover
		{
			background-color: {xen:property secondaryLightest};
			border-color: {xen:property secondaryLighter};
			color: {xen:property secondaryDark};
			text-decoration: none;
			box-shadow: 0 0 10px {xen:property secondaryMedium};
		}
	
	.mostLikedPosts .meta
	{
		font-size: 11px;
		padding-top: 5px;
		padding-bottom: 5px;
		margin-left: 80px;
		margin-bottom: -1px;
		margin-top: 10px;
		border: 1px solid {xen:property primaryLighterStill};
		border-right: none;
		border-top-left-radius: 10px;
	}
	
		.mostLikedPosts .meta dd
		{
			margin-right: 10px;
		}
		
			.mostLikedPosts .meta dd strong
			{
				font-weight: bold;
			}

.rightSitebar
{
	width: 47%;
	float: right;
}

.mostViewedThreads
{
}
	.mostViewedThreads .avatar
	{
		float: left;
		margin-right: 10px;
	}
	
		.mostViewedThreads .avatar img
		{
			width: 44px;
			height: 44px;
		}

	.mostViewedThreads .likedPost
	{
		position: relative;
	}
	
	.mostViewedThreads .primaryContent
	{
		padding: 0;
		padding-top: 10px;
	}
	
	.mostViewedThreads h3
	{
		font-size: 12pt;
		margin-bottom: 5px;
	}
	
	.mostViewedThreads .likes
	{
		display: block;
		position: absolute;
		right: 0px;
		top: 10px;
		width: 24px;
		height: 24px;
		line-height: 24px;
		text-align: center;
		border-radius: 13px;
		font-weight: bold;
		background: {xen:property primaryLighterStill};
		border: 1px solid {xen:property primaryLighter};
	}
	
		.mostViewedThreads .likes:hover
		{
			background-color: {xen:property secondaryLightest};
			border-color: {xen:property secondaryLighter};
			color: {xen:property secondaryDark};
			text-decoration: none;
			box-shadow: 0 0 10px {xen:property secondaryMedium};
		}
	
	.mostViewedThreads .meta
	{
		font-size: 11px;
		padding-top: 5px;
		padding-bottom: 5px;
		margin-left: 80px;
		margin-bottom: -1px;
		margin-top: 10px;
		border: 1px solid {xen:property primaryLighterStill};
		border-right: none;
		border-top-left-radius: 10px;
	}
	
		.mostViewedThreads .meta dd
		{
			margin-right: 10px;
		}
		
			.mostViewedThreads .meta dd strong
			{
				font-weight: bold;
			}


.mostRepliedThreads
{
}
	.mostRepliedThreads .avatar
	{
		float: left;
		margin-right: 10px;
	}
	
		.mostRepliedThreads .avatar img
		{
			width: 44px;
			height: 44px;
		}

	.mostRepliedThreads .likedPost
	{
		position: relative;
	}
	
	.mostRepliedThreads .primaryContent
	{
		padding: 0;
		padding-top: 10px;
	}
	
	.mostRepliedThreads h3
	{
		font-size: 12pt;
		margin-bottom: 5px;
	}
	
	.mostRepliedThreads .likes
	{
		display: block;
		position: absolute;
		right: 0px;
		top: 10px;
		width: 24px;
		height: 24px;
		line-height: 24px;
		text-align: center;
		border-radius: 13px;
		font-weight: bold;
		background: {xen:property primaryLighterStill};
		border: 1px solid {xen:property primaryLighter};
	}
	
		.mostRepliedThreads .likes:hover
		{
			background-color: {xen:property secondaryLightest};
			border-color: {xen:property secondaryLighter};
			color: {xen:property secondaryDark};
			text-decoration: none;
			box-shadow: 0 0 10px {xen:property secondaryMedium};
		}
	
	.mostRepliedThreads .meta
	{
		font-size: 11px;
		padding-top: 5px;
		padding-bottom: 5px;
		margin-left: 80px;
		margin-bottom: -1px;
		margin-top: 10px;
		border: 1px solid {xen:property primaryLighterStill};
		border-right: none;
		border-top-left-radius: 10px;
	}
	
		.mostRepliedThreads .meta dd
		{
			margin-right: 10px;
		}
		
			.mostRepliedThreads .meta dd strong
			{
				font-weight: bold;
			}

.mostPopularUsers .avatar img
{
	width: 64px;
	height: 64px;
}
.xenfansPopularCopyright
{
 color: {xen:property primaryLight};
}]]></template>
    <template title="bookmark_posts_bookmarks_tag" version_id="2" version_string="1.2.0"><![CDATA[<xen:h1>{$tagName} ({$totalBookmarks})</xen:h1>
<xen:title>{$tagName} ({$totalBookmarks})</xen:title>
<xen:navigation>
	<xen:breadcrumb href="{xen:link 'bookmarks'}">{xen:phrase bookmarks_posts}</xen:breadcrumb>
	<xen:breadcrumb>{xen:phrase bookmark_posts_tags}</xen:breadcrumb>
	<xen:breadcrumb>{$tagName}</xen:breadcrumb>
</xen:navigation>
<xen:require css="bookmark_post.css" />

<div class="sectionMain mostViewedThreads">
	<h2 class="subHeading">{xen:phrase bookmark_posts_most_bookmarked}:</h2>
	
	<ol>
		<xen:foreach loop="$bookmarks" value="$bookmark">
		<xen:if is="{$bookmark.content}">
			<li class="viewedThread">
				<div class="primaryContent">
					<xen:avatar user="$bookmark.content.content_user" size="m" img="true" class="Tooltip" title="{$bookmark.content.content_user.username}" text="{$bookmark.content.content_user.username}" />
					<h3><a href="{xen:link 'bookmarks/view', $bookmark}">{$bookmark.content.title}</a></h3>
					<dl class="secondaryContent pairsInline meta">
						<dt>{xen:phrase date}:</dt> <dd><xen:datetime time="$bookmark.bookmark_date" /></dd>						
					</dl>
				</div>
			</li>
		</xen:if>
		</xen:foreach>
	</ol>
</div>]]></template>
    <template title="bookmark_posts_bookmark_view" version_id="2" version_string="1.2.0"><![CDATA[<xen:title>{$bookmark.content.title}</xen:title>

<xen:navigation>
        <xen:breadcrumb href="{xen:link 'bookmarks'}">{xen:phrase bookmarks_posts}</xen:breadcrumb>
	<xen:breadcrumb href="{xen:link 'bookmarks/view', $bookmark}">{$bookmark.content.title}</xen:breadcrumb>
</xen:navigation>

<xen:require css="bookmark_post.css" />
<xen:require css="message.css" />
<xen:require css="bb_code.css" />
<xen:require css="message_user_info.css" />
<xen:require css="thread_view.css" />
<xen:require css="discussion_list.css" />


<xen:sidebar>
	<xen:container var="$noVisitorPanel">1</xen:container>
	<xen:if is="!{$noVisitorPanel}">
		<xen:include template="bookmark_posts_sidebar_latest"/>
	</xen:if>
</xen:sidebar>

<div class="section primaryUserBlock">
	<dl class="ctrlUnit">			
		<dd>
			<div class="explain" style="font-size:15px">
				<h3 class="statusHeader">{xen:phrase bookmark_posts_bookmarked_by}: </h3> <span class="CurrentStatus"><xen:username user="$bookmark.user" itemprop="name" rich="true" /></span>&nbsp;
				<h3 class="statusHeader">Date:</h3> <span class="CurrentStatus"><xen:datetime time="{$bookmark.bookmark_date}" /></span>&nbsp;
				<h3 class="statusHeader">Tagged as:</h3> <span class="CurrentStatus"><a href="{xen:link 'bookmarks/tags', $bookmark}">{$bookmark.bookmark_tag}</a></span>&nbsp;
			</div>	
		</dd>
	</dl>
</div>






<ol class="messageList" id="messageList">
	<li id="bookmark-{$bookmark.bookmark_id}" class="message  staff" data-author="{$bookmark.content.content_user.username}">
		<div class="messageUserInfo" itemscope="itemscope" itemtype="http://data-vocabulary.org/Person">	
			<div class="messageUserBlock">
				<div class="avatarHolder">
					  <xen:avatar user="$bookmark.content.content_user" size="m" class="icon" />
				</div>			
				<h3 class="userText">
					 <xen:username user="$bookmark.content.content_user" itemprop="name" rich="true" />
					 <xen:if hascontent="true"><em class="userTitle" itemprop="title"><xen:contentcheck>{xen:helper userTitle, $bookmark.content.content_user}</xen:contentcheck></em></xen:if>				
				</h3>
				<span class="arrow"><span></span></span>
			</div>
		</div>
		<div class="messageInfo primaryContent">
			<div class="messageContent">		
				<article>
					<blockquote class="messageText ugc baseHtml">					
						{xen:raw $bookmark.content.messageHtml}
					</blockquote>
				</article>
			</div>
			<div class="messageMeta">						
				<div class="privateControls">				
				<span class="item muted">
					<xen:username user="$bookmark.content.content_user" itemprop="name" rich="true" />,
					<xen:datetime time="{$bookmark.content.post_date}" />
				</span>				
			</div>
				<div class="publicControls">				
					<a href="{xen:link 'posts', $bookmark.content}" class="item control"><span></span><span>{xen:phrase bookmark_posts_view_this_post}</span></a>
					<a href="{xen:link 'threads', $bookmark.content}" class="item control"><span></span><span>{xen:phrase bookmark_posts_view_this_thread}</span></a>
					<xen:if is="{$post.alreadyBookmarkedPosts}">
						<xen:include template="bookmarks_posts_link_unbookmark_text" />
					<xen:else /> 
						<xen:include template="bookmarks_posts_link_bookmark_text" />
					</xen:if>
				</div>
			</div>		
		</div>
	</li>
	<!-- Bookmark Note Owner -->
	<xen:if hascontent="true">
		<h4 class="subHeading" style="height: 15px;font-size: 12px;">{xen:phrase bookmark_posts_note_wrote_by}  {$bookmark.user.username}&darr;</h4>
		<div class="discussionList">
			<ol class="discussionListItems">			
					<li class="discussionListItem visible">
						<div class="listBlock posterAvatar">
							<span class="avatarContainer"><xen:avatar user="$bookmark.user" size="s" img="true" /></span>
						</div>
						<div class="listBlock main">
							<div class="titleText">
								<h3 class="title">								
									<xen:contentcheck>
										{$bookmark.bookmark_note}
									</xen:contentcheck>
								</h3>
								<div class="secondRow">
									<div class="posterDate muted">
										{xen:phrase bookmark_post_content_posted_by} <xen:username user="$bookmark.user" itemprop="name" rich="true" />,
										<xen:datetime time="{$bookmark.bookmark_date}" />
									</div>								
								</div>
							</div>
						</div>
					</li>
			</ol>
		</div>
	</xen:if>
	<!-- Bookmark Note Owner -->
	
	<!-- Bookmark Note Others -->
	<xen:if hascontent="true">		
		<h4 class="subHeading" style="height: 15px;font-size: 12px;">{xen:phrase bookmark_posts_note_wrote_by}  others&darr;</h4>		
		<div class="discussionList">
			<ol class="discussionListItems">
			<xen:contentcheck>
				<xen:foreach loop="$bookmarkNotes" value="$bookmarkNote">			
					<li class="discussionListItem visible">
						<div class="listBlock posterAvatar">
							<span class="avatarContainer"><xen:avatar user="$bookmarkNote.user" size="s" img="true" /></span>
						</div>
						<div class="listBlock main">
							<div class="titleText">
								<h3 class="title">								
									{$bookmarkNote.bookmark_note}
								</h3>
								<div class="secondRow">
									<div class="posterDate muted">
										{xen:phrase bookmark_post_content_posted_by} <xen:username user="$bookmarkNote.user" itemprop="name" rich="true" />,
										<xen:datetime time="{$bookmarkNote.bookmark_date}" />
									</div>								
								</div>
							</div>
						</div>

					</li>
				</xen:foreach>
			</xen:contentcheck>
			</ol>
		</div>		
	</xen:if>
	<!-- Bookmark Note Others -->
</ol>]]></template>
    <template title="bookmark_posts_each" version_id="2" version_string="1.2.0"><![CDATA[<xen:if is="{$tagName}">
	<xen:include template="bookmark_posts_filter_tag" />
</xen:if>
<h4 class="subHeading">{$heading} <span id="totalBookmarks">({$totalBookmarks})</span></h4>
<div id="bookMarkOl" style="display:none;"><p>{xen:phrase you_do_not_have_any_recent_bookmarks}</p></div>

<form action="" method="post" class="BookmarkPosts formOverlay AutoValidator" id="BookmarkForm">
<xen:foreach loop="$bookmarks" value="$bookmark">
	<xen:include template="bookmark_posts_item" />
</xen:foreach>		
</form>
<xen:include template="preview_tooltip" />]]></template>
    <template title="bookmark_posts_filter_tag" version_id="2" version_string="1.2.0"><![CDATA[<div class="discussionListFilters secondaryContent">
	<h3 class="filtersHeading">{xen:phrase bookmark_posts_content_tag}</h3>
	<dl class="pairsInline filterPairs">
		<dt>{xen:phrase bookmark_posts_content_tag}</dt>
		<dd><span class="removeFilter" id="TagName">{$tagName}</span></dd>
	</dl>
	<dl class="pairsInline removeAll">
		<dt>Remove Tag Filter:</dt>
		<dd><a href="{xen:link 'account/bookmarks'}" class="removeAllFilters RemoveFilter Tooltip" title="{xen:phrase bookmark_posts_remove_filter}">x</a></dd>
	</dl>
</div>]]></template>
    <template title="bookmark_posts_icons.css" version_id="1" version_string="1.1.0"><![CDATA[a.bookmark{
background: url(styles/default/xenforo/icons/bookmarkposts/unbookmark.png) no-repeat;
width: 16px;
height: 16px;
margin-top: -3px;
display:inline-block;
overflow: hidden;
}

a.unbookmark span, a.bookmark span, a.bookmarkEdit span, a.private span.PublicLabel, a.public span.PublicLabel
{
  display: none;
}

a.unbookmark{
background: url(styles/default/xenforo/icons/bookmarkposts/bookmark.png) no-repeat;
width: 16px;
height: 16px;
margin-top: -3px;
display:inline-block;
overflow: hidden;
}
.bookmarkEdit{
background: url(styles/default/xenforo/icons/bookmarkposts/edit.png) no-repeat;
width: 16px;
height: 16px;
margin-top: -3px;
display:inline-block;
overflow: hidden;
}
.private{
background: url(styles/default/xenforo/icons/bookmarkposts/private.png) no-repeat;
width: 16px;
height: 16px;
margin-top: -3px;
display:inline-block;
overflow: hidden;
}
.public{
background: url(styles/default/xenforo/icons/bookmarkposts/public.png) no-repeat;
width: 16px;
height: 16px;
margin-top: -3px;
display:inline-block;
overflow: hidden;
}]]></template>
    <template title="bookmark_posts_iconsAndtext.css" version_id="1" version_string="1.1.0"><![CDATA[.bookmark{
background: url(styles/default/xenforo/icons/bookmarkposts/unbookmark.png) no-repeat;
background-position:0px 2px;
padding-left: 18px;
padding-bottom: 3px;
padding-top: 3px;
margin-top:-4px;
}
.unbookmark{
background: url(styles/default/xenforo/icons/bookmarkposts/bookmark.png) no-repeat;
background-position:0px 2px;
padding-left: 18px;
padding-bottom: 3px;
padding-top: 3px;
margin-top:-4px;
}
.bookmarkEdit
{
background: url(styles/default/xenforo/icons/bookmarkposts/edit.png) no-repeat;
background-position:0px 2px;
padding-left: 18px;
padding-bottom: 3px;
padding-top: 3px;
margin-top:-4px;
}
.private
{
background: url(styles/default/xenforo/icons/bookmarkposts/private.png) no-repeat;
background-position:0px 2px;
padding-left: 18px;
padding-bottom: 3px;
padding-top: 3px;
margin-top:-4px;
}
.public
{
background: url(styles/default/xenforo/icons/bookmarkposts/public.png) no-repeat;
background-position:0px 2px;
padding-left: 18px;
padding-bottom: 3px;
padding-top: 3px;
margin-top:-4px;
}]]></template>
    <template title="bookmark_posts_index" version_id="2" version_string="1.2.0"><![CDATA[<xen:h1>{xen:phrase bookmarks_posts}</xen:h1>
<xen:title>{xen:phrase bookmarks_posts}</xen:title>
<xen:description>{xen:phrase bookmark_posts_description}</xen:description>

<xen:navigation>
	<xen:breadcrumb href="{xen:link bookmarks}">{xen:phrase bookmarks_posts}</xen:breadcrumb>
</xen:navigation>

<xen:require css="bookmark_post.css" />

<div class="rightSitebar">

<div class="sectionMain mostViewedThreads">
	<h2 class="subHeading">{xen:phrase bookmark_posts_most_bookmarked}:</h2>
	
	<ol>
		<xen:foreach loop="$mostBookmarks" value="$bookmark">		
		<xen:if is="{$bookmark.content}">
			<li class="viewedThread">
				<div class="primaryContent">
					<xen:avatar user="$bookmark.user" size="m" img="true" class="Tooltip" title="{$bookmark.user.username}" text="{$bookmark.user.username}" />
					<h3><a href="{xen:link 'bookmarks/view',$bookmark}">{$bookmark.content.title}</a></h3>
					<dl class="secondaryContent pairsInline meta">
						<dt>{xen:phrase date}</dt> <dd><xen:datetime time="$bookmark.bookmark_date" /></dd>
						<dt>Bookmarked</dt> <dd>{xen:number $bookmark.num_bookmarks}</dd>						
					</dl>
				</div>
			</li>
		</xen:if>
		</xen:foreach>
	</ol>
</div>



</div>

<div class="sectionMain mostLikedPosts">
	<h2 class="subHeading">{xen:phrase bookmark_posts_latest_public}</h2>
	
	<ol>
		<xen:foreach loop="$latestBookmarks" value="$bookmark">
			<xen:if is="{$bookmark.content}">
			<li class="likedPost">
				<div class="primaryContent">
					<xen:avatar user="$bookmark.user" size="m" img="true" class="Tooltip" title="{$bookmark.user.username}" text="{$bookmark.user.username}" />
					<h3><a href="{xen:link 'bookmarks/view',$bookmark}">{$bookmark.content.title}</a></h3>
					<div class="muted">&nbsp;</div>
					<dl class="secondaryContent pairsInline meta">
						<dt>{xen:phrase bookmark_posts_bookmarked_by}</dt> <dd><a href="{xen:link members, $bookmark.user}" class="username">{$bookmark.user.username}</a></dd>
						<dt>{xen:phrase date}</dt> <dd><xen:datetime time="$bookmark.bookmark_date" /></dd>						
					</dl>
				</div>
			</li>
		</xen:if>
		</xen:foreach>
	</ol>
</div>

<xen:if is="{$xenOptions.xenfansPopularCopyright} == 1">
	<div class="xenfansPopularCopyright">
		Popular Content Add-on &copy;2010-2011 <a href="http://xenfans.com/" class="concealed">xenfans.com</a> 
	</div>
</xen:if>]]></template>
    <template title="bookmark_posts_item" version_id="2" version_string="1.2.0"><![CDATA[<li id="bookmark-{$bookmark.bookmark_id}">
	<ol>							
		<li class="searchResult post primaryContent" data-author="{$bookmark.content.content_user.username}">		
		<xen:avatar user="$bookmark.content.content_user" size="s" class="icon" />		
			<div class="listBlock main">
				<div class="contentType">
					{xen:phrase bookmark_post_content_tag} <a href="{xen:link 'bookmarks/mytags', $bookmark}" data-container="#all" class="TagLink item control" title="{xen:phrase bookmark_posts_tag_title} {$bookmark.bookmark_tag}!" id="Tag-{$bookmark.bookmark_id}">{$bookmark.bookmark_tag}</a>
				</div>
				<div class="titleText">
					<h3 class="title"><font class="muted">{xen:phrase bookmark_posts_content_thread}</font> <a href="{xen:link 'bookmarks/view', $bookmark}">{$bookmark.content.title}</a></h3>
				</div>
				<xen:if is="{$xenOptions.bookmark_posts_option_showMessagePost}">
				   <xen:if is="{$xenOptions.bookmark_posts_option_showQuote}">
						<blockquote class="snippet">
							<div class="bbCodeBlock bbCodeQuote" data-author="{$bookmark.content.content_user.username}">
								<aside>				
									<div class="attribution type">{$bookmark.content.content_user.username} {xen:phrase bookmark_posts_content_said}
									</div>
									<blockquote><a href="{xen:link 'bookmarks/view', $bookmark}">{xen:helper snippet, $bookmark.content.message, 150}</a></blockquote>
								</aside>
							</div>					
						</blockquote>
					<xen:else />				
						<blockquote class="snippet">
							<a href="{xen:link 'bookmarks/view', $bookmark}">{xen:helper snippet, $bookmark.content.message, 150}</a>
						</blockquote>
					</xen:if>
				</xen:if>
				
				<div class="meta">																		
					{xen:phrase bookmark_post_content_note} <span id="note-{$bookmark.bookmark_id}">{$bookmark.bookmark_note}</span><br />														
					{xen:phrase bookmark_post_content_posted_by} <xen:username user="{$bookmark.content.content_user}" rich="true" />,
					{xen:phrase bookmark_post_bookmarked_in}<xen:datetime time="{$bookmark.bookmark_date}" />
					<xen:include template="bookmark_posts_private_actions_account_text" />
				</div>
			</div>
		</li>	
	</ol>
</li>]]></template>
    <template title="bookmark_posts_member_bookmarks" version_id="2" version_string="1.2.0"><![CDATA[<xen:title>{xen:phrase latest_bookmarks}</xen:title>
<xen:require js="js/BookmarkPosts/frontend.js" />
<xen:require css="bookmark_post.css" />

<div>
	<xen:if is="{$publicBookmarks}">
		<ol>
			<xen:foreach loop="$publicBookmarks" key="$publicBookmarksId" value="$bookmark">
			
				<li id="bookmark-{$bookmark.bookmark_id}">
					<ol>
						<li class="searchResult post " data-author="{$bookmark.content.content_user.username}">
							<xen:avatar user="$bookmark.content.content_user" size="s" img="false" />
							<div class="listBlock main">
								<div class="titleText">									
									<h3 class="title"><font class="muted">{xen:phrase bookmark_posts_content_thread}</font> <a href="{xen:link 'bookmarks/view', $bookmark}">{$bookmark.content.title}</a></h3>
								</div>
							<xen:if is="{$xenOptions.bookmark_posts_option_showQuote}">
								<blockquote class="snippet">
									<div class="bbCodeBlock bbCodeQuote" data-author="{$bookmark.content.content_user.username}">
										<aside>				
											<div class="attribution type">{$bookmark.content.content_user.username} {xen:phrase bookmark_posts_content_said}													
											</div>
											<blockquote>{xen:helper snippet, $bookmark.content.message, 150}</a></blockquote>
										</aside>
									</div>					
								</blockquote>
							<xen:else />
								<blockquote class="snippet">
									{xen:helper snippet, $bookmark.content.message, 150}
								</blockquote>
							</xen:if>
								<div class="meta">
									{xen:phrase bookmark_posts_content_note} {$bookmark.bookmark_note}<br />
									{xen:phrase bookmark_posts_content_posted_by} <xen:username user="{$bookmark.content.content_user}" rich="true" />,
									{xen:phrase bookmark_posts_bookmarked_in}<xen:datetime time="{$bookmark.bookmark_date}" /><br />									
								</div>
							</div>
						</li>	
					</ol>
				</li>			
			</xen:foreach>
		</ol>		
	   <div class="BookmarkEnd">
		<div class="sectionFooter">
			<a href="{xen:link members/bookmarks, $user, 'page={$page}'}" class="ShowOlderBookmarks" data-container=".BookmarkEnd">{xen:phrase bookmark_posts_show_older}</a>
		</div>
	   </div>



	<xen:else />	
		<p>{xen:phrase x_does_not_have_any_bookmarks, 'username={$user.username}'}</p>		
	</xen:if>	
</div>

]]></template>
    <template title="bookmark_posts_private_actions_account_text" version_id="1" version_string="1.1.0"><![CDATA[<span class="contentType">       
       <a href="bookmarks/{$bookmark.bookmark_id}/unbookmark" id="Unbookmark-{$bookmark.bookmark_id}" data-target="#bookMarkOl" data-container="#bookmark-{$bookmark.bookmark_id}" class="UnBookmarkLink item control unbookmark" title="{xen:phrase bookmark_posts_unbookmark_title}">
			<span></span>
			<span class="BookmarkLabel" id="Unbookmark-{$bookmark.bookmark_id}">{xen:phrase bookmark_posts_action_unbookmark_text}</span>
		</a>  -  
       <a href="bookmarks/{$bookmark.bookmark_id}/public/" class="PublicLink item control <xen:if is="{$bookmark.bookmark_state} == 'public'">public<xen:else />private</xen:if>" title="{xen:phrase bookmark_posts_state_title}" id="Status-{$bookmark.bookmark_id}">
			<span></span>
			<span class="PublicLabel" id="Status-{$bookmark.bookmark_id}"> 
				<xen:if is="{$bookmark.bookmark_state} == 'public'">
					{xen:phrase bookmarks_posts_unshare_text}
				<xen:else />	
					{xen:phrase bookmarks_posts_share_text}
				</xen:if>			
			</span>
		</a> - 
	<a href="bookmarks/{$bookmark.bookmark_id}/edit/" class="item control bookmarkEdit OverlayTrigger" title="{xen:phrase bookmark_posts_edit_title}" id="Edit-{$bookmark.bookmark_id}">
	<span></span>
		<span class="EditLabel"> 
			{xen:phrase bookmark_posts_edit_text}											
		</span>
	</a>										
</span>]]></template>
    <template title="bookmark_posts_sidebar_latest" version_id="2" version_string="1.2.0"><![CDATA[
<xen:edithint template="sidebar.css" />
<div class="section avatarList">
	<div class="secondaryContent">
		<h3>{xen:phrase bookmark_posts_latest_public}</h3>
		<ul>
			<ol class="pairs">			
				<xen:foreach loop="$latestBookmarks" value="$latestBookmark">
				<xen:if is="{$latestBookmark.content}">
				<li>
					<xen:avatar user="$latestBookmark.user" size="s" img="false" />
					<dt><a href="{xen:link 'bookmarks/view', $latestBookmark}">{$latestBookmark.content.title}</a></dt>
					<dd class="muted">{xen:phrase bookmark_posts_bookmarked_by}: {$latestBookmark.user.username}</dd>
					<dd class="muted"><xen:datetime time="{$latestBookmark.bookmark_date}" /></dd>
				</li>
				</xen:if>
				</xen:foreach>			
			</ol>				
		</ul>
	</div>
</div>]]></template>
    <template title="bookmark_posts_sidebar_statistic_view" version_id="1" version_string="1.1.0"><![CDATA[<xen:edithint template="sidebar.css" />						
		<div class="section">
			<div class="secondaryContent statsList" id="boardStats">
				<h3>{xen:phrase bookmark_statistic_this}</h3>
				<div class="pairsJustified">
				
				
					<dl class="discussionCount"><dt>{xen:phrase bookmark_posts_how_may_public}:</dt>
						<dd>{xen:number $bookmark.totalPublic}</dd></dl>
					<dl class="messageCount"><dt>{xen:phrase bookmark_posts_how_much}:</dt>
						<dd>{xen:number $bookmark.total}</dd></dl>										
				</div>
			</div>
		</div>		
	]]></template>
    <template title="news_feed_item_post_bookmark" version_id="1" version_string="1.1.0"><![CDATA[	<h3 class="description">
		
			<xen:comment><!-- $user bookmarked$contentUser's post --></xen:comment>
			{xen:phrase bookmark_posts_news_feed_bookmark,
				'name={xen:helper username, $user, 'primaryText'}',
				'posterParams=href="{xen:link posts, $content}"', 'poster={$content.username}',
				'title=<a href="{xen:link posts, $content}"{xen:if '{$content.hasPreview}', ' class="PreviewTooltip" data-previewUrl="{xen:link threads/preview, $content}"'}>{xen:helper threadPrefix, $content}{$content.title}</a>'}		

	</h3>

	<p class="snippet">{xen:helper snippet, $content.message, $xenOptions.newsFeedMessageSnippetLength, {xen:array 'stripQuote=1'}}</p>

	<xen:include template="news_feed_attached_images" />]]></template>
  </templates>
  <bb_code_media_sites/>
</addon>
